{
  "data": {
    "responseCode": "0",
    "responseMessage": "Success",
    "testResults": {
      "passed": [
        "PASSED - Show me all the people (no filters)",
        "PASSED - Show me people where the comma-delimited list of shirt colors equals \"Blue,Green\"",
        "PASSED - Show me people where the comma-delimited list of shirt colors does not equal \"Blue,Green\"",
        "PASSED - Show me people where the comma-delimited list of shirt colors is blank",
        "PASSED - Show me people where the comma-delimited list of shirt colors is not blank",
        "PASSED - Show me people where the comma-delimited list of shirt colors contains (multi-select): Blue, Green",
        "PASSED - Show me people where the comma-delimited list of shirt colors does not contain (multi-select): Blue, Green",
        "PASSED - Show me people where shirt color equals (multi-select): Blue, Green (i.e., in: Blue, Green)",
        "PASSED - Show me people where shirt color does not equal (multi-select): Blue, Green (i.e., not in: Blue, Green)",
        "PASSED - Show me people where shirt color equals: Blue",
        "PASSED - Show me people where shirt color does not equal: Blue",
        "PASSED - Show me people where shirt color is blank",
        "PASSED - Show me people where shirt color is not blank",
        "PASSED - Show me people where shirt color is Blue or blank",
        "PASSED - Show me people where shirt color is Blue or shoe size is blank",
        "PASSED - Show me people where shirt color is Blue and shoe size is blank",
        "PASSED - Show me people where shirt color does not equal (multi-select) 'Blue, Green' and shoe size does not equal (multi-select) '9, 10'",
        "PASSED - Show me people where (shirt color is Blue or blank) and shoe size is blank",
        "PASSED - Show me people where shirt color is blank or shoe size is blank",
        "PASSED - Show me people where shirt color is blank or shoe size is not blank",
        "PASSED - Show me people where shirt color is not in Blue (i.e., does not equal (multi-select)) or shoe size is blank",
        "PASSED - Show me people where unaggregated shirt color is blank or aggregated shirt color contains (multi-select) 'Blue, Green'",
        "PASSED - Show me people where unaggregated shirt color is blank or aggregated shirt color does not contain (multi-select) 'Blue, Green'",
        "PASSED - Show me people where unaggregated shirt color is Yellow or aggregated shirt color contains (multi-select) 'Green'",
        "PASSED - Show me people where shirt color is Blue or shoe size is 9 or favorite food is Burgers"
      ],
      "failed": [],
      "numFailedTests": 0
    }
  }
}