{
  "data": {
    "errors": [],
    "problemReports": {
      "Report is in \\\"Core\\\" folder and org_id is not blank": [],
      "Report is in \\\"Core\\\" folder and json contains hard-coded attribute id (i.e., question:)": [],
      "Report is in \\\"Core\\\" folder and category is blank": [],
      "Report is in \\\"Core\\\" folder and json contains hard-coded date\\/time formatting (i.e., \\\"format\\\":)": [],
      "Report is NOT in \\\"Core\\\" folder but has blank org_id": []
    }
  }
}