<?xml version="1.0" encoding="UTF-8"?>
<Configuration status="INFO">
    <Appenders>
        <Console name="ConsoleAppender" target="SYSTEM_OUT">
            <PatternLayout pattern="%p %d{MM/dd HH:mm:ss} (%c): %m%n" />
        </Console>
        <File name="FileAppender" fileName="automationLogs.log" immediateFlush="false" append="true">
            <PatternLayout pattern="%p %d{MM/dd HH:mm:ss} (%c): %m%n"/>
        </File>
    </Appenders>
    <Loggers>
        <Root level="info">
            <AppenderRef ref="ConsoleAppender" />
            <AppenderRef ref="FileAppender"/>
        </Root>
    </Loggers>
</Configuration>